Country,Year,GDPPC,CO2GDP,EIL,PRE,Trade,FG,Gini,School,Net
Argentina,2000,10672.72204,0.334302578,3.69,9.85,22.62244478,63.50844193,48.62,8.799648762,4.081870821
Argentina,2001,10090.65344,0.331185397,3.59,11.51,21.85225545,62.17956161,50.35,8.867059708,4.110721062
Argentina,2002,8895.319642,0.348552811,3.99,11.62,41.75272436,81.89556122,49.57,9.391139984,4.736957866
Argentina,2003,9581.969792,0.348038133,3.97,10.82,40.64474803,77.19697571,46.42,9.915220261,7.396539165
Argentina,2004,10341.64341,0.353530356,4.04,9.29,40.69264611,74.48223114,43.71,10.00709343,0.054062735
Argentina,2005,11141.31067,0.335392933,3.68,9.64,40.55127097,67.65434265,42.62,10.0989666,0.490515673
Argentina,2006,11913.95853,0.32938354,3.58,9.18,40.43347987,66.65723419,44.08,10.19083977,9.044490491
Argentina,2007,12857.09258,0.317579687,3.44,7.72,40.94517062,63.04167938,43.58,10.29859972,11.49833178
Argentina,2008,13246.63489,0.313466419,3.42,7.65,40.40267338,54.46671295,41.22,10.40635967,10.55667007
Argentina,2009,12336.86194,0.311938988,3.35,8.59,34.05712691,56.51673126,41.13,10.54321003,8.052845249
Argentina,2010,13551.33919,0.302541622,3.26,8.79,34.97101326,52.01819611,41,10.59963989,7.088649111
Argentina,2011,14200.26989,0.301475125,3.18,8.83,35.206155,46.93246078,40.59,10.69979,7.253886609
Argentina,2012,13895.63371,0.306866969,3.3,8.61,30.52654237,44.78348923,38.77,10.78507042,5.49293487
Argentina,2013,14071.50868,0.308584547,3.31,8.91,29.333929,44.17884064,38.64,10.89459991,4.28730808
Argentina,2014,13567.94842,0.310224639,3.4,9.79,28.40679365,45.32196808,39.06,10.90851021,4.648978306
Argentina,2015,13789.06042,0.311980198,3.36,9.4,22.48622609,43.32024384,39.18,10.91755009,5.0199064
Argentina,2016,13360.21183,0.314502189,3.41,9.38,26.09388785,47.04463959,39.29,10.92819023,5.038933003
Argentina,2017,13595.03736,0.299382163,3.32,10.37,25.28960114,48.97817612,38.78,11.01644516,4.964113978
Argentina,2018,13105.39716,0.303359806,3.31,10.52,30.76253595,59.31309128,39.5,11.10470009,1.595620503
Argentina,2019,12716.2242,0.294272085,3.35,10.74,32.63061505,64.4810257,39.88,11.14726927,3.642318565
Argentina,2020,11341.26837,0.300285421,3.46,9.84,30.21979989,63.06419373,39.95,11.14726927,8.545643361
Bolivia,2000,2017.394609,0.467736019,3.38,29.79,45.59777502,54.28380203,62.88,7.102773454,1.965802834
Bolivia,2001,2015.377479,0.443243341,3.54,29.59,45.22782243,53.76486206,59.79,7.214270115,3.360220893
Bolivia,2002,2029.617944,0.461644074,4.1,28.67,49.35026037,53.62633514,60.62,7.152404118,4.810852285
Bolivia,2003,2048.559818,0.478517956,4.09,27.52,51.96783644,61.23752594,57.48,7.09053812,6.374323072
Bolivia,2004,2097.258353,0.485407406,3.98,26.26,57.46426609,61.28638077,54.34,7.028672123,5.55896352
Bolivia,2005,2152.36197,0.489656585,4.21,25.07,67.64194136,61.92308426,63.11,6.966806126,5.278121833
Bolivia,2006,2216.544709,0.506573001,4.07,23.7,74.53784843,60.6506691,60.27,6.904940128,9.901754134
Bolivia,2007,2277.503826,0.538382238,3.98,22.07,76.06191145,61.86165237,58.07,7.052365065,12.80907129
Bolivia,2008,2376.078089,0.542410323,3.82,21.3,82.8670209,55.71665192,50.72,7.199790001,17.29178026
Bolivia,2009,2414.129945,0.559253919,3.85,20.62,68.62707391,54.6812439,50.69,7.481540203,15.16532499
Bolivia,2010,2471.473633,0.581884132,4.01,19.93,75.51162625,49.60755539,48.76,7.712310155,15.70434036
Bolivia,2011,2556.830269,0.60161158,4.09,18.1,82.48039542,47.43894958,46.83,7.943080107,14.22364311
Bolivia,2012,2643.690816,0.606985413,4.22,17.36,84.94876117,50.63823318,47.16,8.17385006,13.3131713
Bolivia,2013,2777.720532,0.607328168,3.99,16.02,81.23090753,52.51393127,47.81,8.425590197,11.95267833
Bolivia,2014,2882.806896,0.618917418,4.16,15.03,85.26446956,50.20026016,46.83,8.677330335,9.670055756
Bolivia,2015,2975.648811,0.606144843,3.98,14.22,67.93284519,48.3155632,45.21,8.929070473,6.033938555
Bolivia,2016,3054.892548,0.619888792,4.03,13.62,56.4010345,45.59567642,46.35,9.162832737,6.782511591
Bolivia,2017,3135.031646,0.603284318,4.03,14.29,56.70465276,48.16334915,45.99,9.396595001,6.089756048
Bolivia,2018,3219.200892,0.585607495,3.94,14.33,57.10996461,44.40433121,43.71,9.630357265,5.415743925
Bolivia,2019,3242.948845,0.571535844,3.87,13.52,56.39730673,43.79240799,42.78,9.86411953,4.082094195
Bolivia,2020,2920.197447,0.52717829,3.55,16.86,45.50326262,43.2285347,44.76,9.827750206,2.218112315
Brazil,2000,6745.856994,0.264384513,3.88,42.66,22.63976136,43.06348419,55.94,5.272654063,5.088007681
Brazil,2001,6749.880827,0.265502803,3.9,41.33,26.93628502,49.32239914,56.02,5.449625497,4.544872311
Brazil,2002,6868.695117,0.2563298,3.89,42.85,27.6183574,51.31235504,55.6,5.626596931,5.922688166
Brazil,2003,6865.172461,0.247896545,3.91,45.11,28.14038472,51.76783371,54.7,5.803568365,7.06446028
Brazil,2004,7178.346659,0.247750816,3.9,45.18,29.67825248,49.56324005,53.93,5.980539799,8.864999426
Brazil,2005,7325.902707,0.24238145,3.88,46.13,27.08679521,44.83569717,53.91,6.150349855,8.818587276
Brazil,2006,7534.541633,0.235910563,3.86,46.67,26.04169989,45.26301956,53.46,6.320159912,9.646339637
Brazil,2007,7909.824337,0.233630439,3.85,47.19,25.29261137,46.65727615,52.59,6.501580238,10.56341841
Brazil,2008,8231.099426,0.235596143,3.86,47.04,27.25756942,43.61207199,51.72,6.671150208,10.39417076
Brazil,2009,8142.760111,0.220972756,3.74,48.92,22.1059756,45.22821426,50.84,6.768959999,9.410584688
Brazil,2010,8673.897385,0.233644183,3.85,46.81,22.77217811,50.28676224,50.34,6.878170013,9.976753788
Brazil,2011,8935.276286,0.236212926,3.75,45.26,23.93440518,47.77813721,49.84,7.006090164,10.6018336
Brazil,2012,9025.312958,0.251671903,3.82,43.49,25.11427361,46.13461304,49.38,7.215769768,10.03065124
Brazil,2013,9216.131219,0.261871981,3.88,42.32,25.78595733,43.22964096,48.93,7.287489891,10.60005827
Brazil,2014,9183.45867,0.273817529,3.98,41.71,24.68540582,43.53368378,49.56,7.379069805,8.778360788
Brazil,2015,8783.214413,0.269304666,4.05,43.62,26.95362594,44.57817078,50.2,7.506820202,8.099195854
Brazil,2016,8426.842251,0.256473277,4.03,45.46,24.53368208,49.6066246,50.83,7.731040001,7.356759692
Brazil,2017,8470.939629,0.257998134,4.05,45.33,24.31973437,49.28570938,51.11,7.851759911,7.36206804
Brazil,2018,8553.864918,0.241325003,3.93,46.95,28.87620337,49.78506088,51.68,7.982019901,5.758694877
Brazil,2019,8592.210218,0.238677835,3.94,47.58,28.89025787,52.92951202,51.28,8.128813955,5.591318394
Brazil,2020,8255.567064,0.235298598,4.01,50.05,32.30207854,54.44232178,49.71,8.128813955,6.958621341
Chile,2000,8550.71166,0.384131625,4.45,31.36,58.71192309,67.32431793,54.87,9.150700493,7.251298788
Chile,2001,8722.575536,0.357620799,4.24,32.15,62.14476697,68.67367554,54.26,9.288745346,8.612123171
Chile,2002,8904.538118,0.351504996,4.25,33.07,62.4838519,68.18084717,53.65,9.426790199,9.220367144
Chile,2003,9227.912338,0.343025639,4.1,31.62,65.69341959,75.03057861,53.03,9.564835053,7.47278005
Chile,2004,9746.183277,0.352127859,4.09,31.44,69.88936005,74.23979187,52.02,9.702879906,6.145357721
Chile,2005,10214.7328,0.338740498,3.99,32.26,72.06253424,73.26725006,51.01,9.736940066,7.23692787
Chile,2006,10727.10289,0.32614559,3.91,32.91,73.71163504,75.14148712,49.99,9.771000226,4.440586175
Chile,2007,11171.41974,0.350415118,3.86,30.46,76.97702471,76.91041565,49.97,9.805060387,4.683733227
Chile,2008,11479.28183,0.355490039,3.68,30.83,80.67662624,74.95313263,49.95,10.1062603,4.972493224
Chile,2009,11234.96821,0.346073805,3.63,31.53,66.68603096,77.09225464,49.92,9.97935009,8.323431734
Chile,2010,11773.0044,0.348414377,3.58,27.04,69.71768014,75.76935577,49.4,9.85243988,9.020684161
Chile,2011,12382.37946,0.359607847,3.67,28.79,72.48164281,74.56096649,48.88,9.544130325,7.407714967
Chile,2012,13017.06784,0.347359547,3.83,30.31,68.15614289,73.40067291,48.64,9.776545048,8.793945479
Chile,2013,13318.59521,0.355899631,3.84,30.23,65.14328795,72.6271286,48.41,10.00895977,7.839475436
Chile,2014,13421.53834,0.322510978,3.4,26.95,65.63462812,74.0422287,47.98,10.13243484,9.067800135
Chile,2015,13569.94813,0.339222823,3.4,25.06,59.34911048,72.1616745,47.54,10.25590992,10.67508446
Chile,2016,13644.62326,0.350579537,3.56,24.55,56.05786109,73.51802826,47.9,10.42321491,7.450035956
Chile,2017,13615.52386,0.348411304,3.56,24.1,56.02615897,74.41887665,48.27,10.59051991,5.226690147
Chile,2018,13906.77056,0.332906697,3.49,25.46,58.17705063,73.54768372,49,10.76136507,3.09942333
Chile,2019,13761.37447,0.35080944,3.66,25.27,57.54685753,76.51935577,49.73,10.9349663,4.454912361
Chile,2020,12741.15751,0.344956968,3.58,26.73,58.13342703,77.97806549,50.47,10.9349663,7.55065815
Colombia,2000,4003.985169,0.375727265,3.02,27.85,32.66708547,41.30065536,55.37,6.862919114,-2.572397173
Colombia,2001,4007.52805,0.373240068,2.97,27.08,33.90111179,44.17275238,54.21,6.915361838,-1.112010261
Colombia,2002,4045.306747,0.350585616,2.84,28.63,32.98263921,44.54932404,56.09,6.967804562,0.239492314
Colombia,2003,4142.007703,0.333503359,2.79,30.55,36.51618352,48.7834549,54.05,7.020247286,0.993259773
Colombia,2004,4301.035042,0.316020161,2.67,29.04,35.86342693,47.98005676,54.9,7.07269001,2.102638598
Colombia,2005,4447.566818,0.309867185,2.66,28.94,37.42269749,50.23969269,55.15,7.284200191,3.803682384
Colombia,2006,4685.054586,0.290393769,2.63,29.58,39.64135596,52.3143692,54,6.803120136,4.032185957
Colombia,2007,4939.117957,0.279153474,2.45,30.3,37.0988971,51.21789932,57.8,7.188660145,4.786942944
Colombia,2008,5042.061146,0.272941517,2.49,29.85,39.16764942,49.31573486,56.2,7.321400166,4.382604559
Colombia,2009,5042.144959,0.280484189,2.56,30.78,35.15612851,52.18848038,54.43,7.247399807,5.688775443
Colombia,2010,5209.732471,0.274739243,2.41,29.63,34.26460317,51.64074707,54.53,7.393869877,4.41679696
Colombia,2011,5511.099853,0.279417615,2.31,28.74,39.47042355,53.10096359,53.88,7.518929958,2.945679686
Colombia,2012,5667.498751,0.270639054,2.15,28.8,38.83515102,52.79948044,52.41,7.625860214,2.488137719
Colombia,2013,5899.76792,0.284924408,2.68,32.13,37.9866488,53.24501419,52.45,7.833469868,3.16775604
Colombia,2014,6107.08302,0.280955893,2.6,32.22,37.48746564,55.07874298,52.38,7.992390156,3.835442806
Colombia,2015,6228.651622,0.276045336,2.56,31.46,38.36076412,59.16717529,50.67,8.047450066,4.805469925
Colombia,2016,6291.079698,0.27877501,2.6,30.6,36.20265298,62.78139877,50.57,8.221500397,5.508876352
Colombia,2017,6280.891051,0.249180437,2.45,32.38,35.28291494,63.44111252,49.64,8.362985134,4.524972949
Colombia,2018,6320.990748,0.254768846,2.31,30.57,36.5347528,64.09871674,50.12,8.504469872,3.606685437
Colombia,2019,6404.108766,0.246376225,2.44,31.5,37.55853398,65.7552948,51.68,8.643030167,3.587699501
Colombia,2020,5852.983235,0.265208247,2.46,31.31,34.13146886,66.84561157,54.01,8.862859726,2.047824807
Costa Rica,2000,7646.027372,0.162589876,2.41,32.95,86.52492353,55.72592545,47.76,7.142045964,14.3093617
Costa Rica,2001,7768.438955,0.172219145,2.34,32.1,80.85275872,53.31975937,49.58,7.332145083,15.19264139
Costa Rica,2002,7898.633138,0.16961537,2.39,32.54,80.41394434,53.93461609,49.5,7.485752501,12.10406838
Costa Rica,2003,8109.824898,0.170712065,2.45,33.3,83.32770754,55.66180801,47.97,7.633359768,11.02995367
Costa Rica,2004,8340.829853,0.167558071,2.78,39.16,85.2564772,56.3259964,48.43,7.666705062,12.34267558
Costa Rica,2005,8545.747274,0.170105158,2.67,41.73,89.22266389,59.14382935,47.43,7.825407987,11.39291494
Costa Rica,2006,9041.386796,0.165644613,2.71,42.4,89.81455461,59.20507813,48.87,7.836508898,14.29342336
Costa Rica,2007,9647.860895,0.177476382,2.64,41.18,86.45659584,56.8548851,49.56,8.012720108,15.53529257
Costa Rica,2008,9966.048441,0.167504106,2.54,40.7,86.40151271,51.96601486,48.93,8.288009644,14.11427864
Costa Rica,2009,9746.490696,0.161856886,2.58,40.72,69.75931773,53.12294006,51.15,8.359669685,15.65087221
Costa Rica,2010,10137.58217,0.151637508,2.47,40.39,67.51208968,50.87171936,48.93,8.230690002,16.06808457
Costa Rica,2011,10453.52257,0.151891659,2.38,38.02,68.63914651,50.2179718,49.63,8.351329803,14.23509563
Costa Rica,2012,10832.75676,0.145130535,2.36,38.06,67.0485393,50.44867706,49.9,8.412119865,14.81932409
Costa Rica,2013,10975.69637,0.147910932,2.42,37.8,64.06641059,52.94001389,50.73,8.581184864,15.25065198
Costa Rica,2014,11240.71159,0.143835323,2.37,37.62,65.19124205,55.90538025,49.63,8.750249863,15.00783182
Costa Rica,2015,11529.95517,0.133551444,2.23,38.33,60.75356194,55.25450516,49.44,8.584500313,16.24175735
Costa Rica,2016,11893.32325,0.136171226,2.11,34.11,62.17847818,56.61781693,49.7,8.564390182,17.46257181
Costa Rica,2017,12267.16204,0.133422529,1.99,33.33,65.07195374,59.98089218,49.29,8.643780231,15.84673559
Costa Rica,2018,12470.95742,0.129911533,1.91,33.13,66.94534202,63.45163727,49.02,8.72317028,15.83001648
Costa Rica,2019,12662.42285,0.123580177,1.97,33.42,65.76053002,65.64624023,49.3,8.763615131,15.04333285
Costa Rica,2020,12030.04859,0.11304988,1.97,36.43,60.13988625,66.67298889,48.84,8.804059982,14.1606216
Dominican ,2000,4175.171017,0.523583451,3.9,19.11,79.3003931,43.44762421,50.86,6.464990774,21.07505987
Dominican ,2001,4214.573754,0.519584512,3.7,18.89,70.51056781,42.38129807,49.26,6.542857541,22.26132747
Dominican ,2002,4340.899929,0.547009865,3.87,17.94,68.7232829,44.12782288,49.64,6.620724308,21.7116086
Dominican ,2003,4222.59033,0.497152775,3.53,18.94,84.44950319,56.04915619,50.42,6.698591075,19.29721727
Dominican ,2004,4272.075225,0.447343885,3.34,20.67,81.35142294,58.59131622,50.15,6.776457842,20.3616856
Dominican ,2005,4612.808741,0.44212082,3.19,19.44,61.65355874,53.53834534,50.51,6.854324609,18.34104483
Dominican ,2006,4971.238158,0.441317844,3.03,17.98,63.76648264,57.42798996,52.34,7.012107268,18.43354108
Dominican ,2007,5272.864103,0.416059571,2.93,17.89,61.94723068,56.33824539,49.29,7.169889927,17.65901345
Dominican ,2008,5373.096245,0.402232141,2.73,17.68,61.39205309,51.2384758,48.65,7.193096638,16.80099144
Dominican ,2009,5353.598213,0.380571131,2.64,17.34,50.61228261,48.21262741,49.6,7.216303349,14.88441539
Dominican ,2010,5724.307281,0.369567768,2.57,16.91,55.99993607,47.52348709,48.08,7.239510059,15.06717122
Dominican ,2011,5827.383243,0.362378437,2.54,16.75,58.9896659,49.1881752,48.16,7.330570221,13.71016587
Dominican ,2012,5909.863367,0.365740255,2.54,16.48,58.38867388,50.33165359,46.65,7.429090023,14.07645329
Dominican ,2013,6120.991154,0.342396373,2.36,16.55,56.68175612,51.6697731,48.27,7.516860008,14.64216839
Dominican ,2014,6472.849075,0.322302394,2.19,17.28,55.49642325,51.86695862,44.97,7.650459766,15.98140601
Dominican ,2015,6838.936735,0.331491006,2.21,14.88,52.17107772,48.99176407,45.77,7.718160152,18.22207802
Dominican ,2016,7209.99019,0.324008662,2.21,15.31,51.58597126,48.92814636,43.18,9.044050217,18.15740707
Dominican ,2017,7461.653257,0.296443966,2.09,16.87,50.22508542,49.8979454,43.05,8.936204255,18.26795803
Dominican ,2018,7894.955179,0.298446757,2.06,15.95,52.05596639,49.5426712,43.83,9.106114462,19.78137396
Dominican ,2019,8205.142578,0.288676811,2,14.89,51.01114492,51.16638947,43.01,9.306864107,19.76802676
Dominican ,2020,7571.782808,0.274728129,1.9,16.69,44.29365655,56.9254303,40.33,9.306864107,17.60751809
Ecuador,2000,4227.552516,0.413110184,3.27,19.43,59.4646993,65.07704163,55.3,7.320164624,1.450332057
Ecuador,2001,4322.341882,0.436785052,3.35,17.05,50.74505716,54.20992279,53.14,7.377031074,0.447754802
Ecuador,2002,4421.934417,0.41822487,3.48,17.1,49.37654964,50.91777039,52.7,7.433897523,1.071012551
Ecuador,2003,4463.597184,0.415282665,3.73,16.55,47.24163069,49.91583633,52.27,7.490763973,1.451999256
Ecuador,2004,4746.807173,0.407459733,3.54,16.73,50.66524037,51.359272,52.23,7.547630422,-1.098693853
Ecuador,2005,4912.527491,0.41717888,3.65,16.16,56.0998297,49.83238983,51.85,7.604496872,0.375665571
Ecuador,2006,5041.3338,0.426570989,3.43,14.19,59.70978319,48.77369308,51.44,7.661363321,2.869834941
Ecuador,2007,5063.984478,0.424490027,3.69,15.88,62.58713843,48.71900558,52.93,7.718229771,4.52032766
Ecuador,2008,5294.899313,0.412824122,3.07,15.32,68.05694738,41.47275162,49.23,7.72631979,7.124408215
Ecuador,2009,5236.053684,0.446906992,3.39,12.87,52.10484902,39.49906158,48.23,7.739970207,9.933881973
Ecuador,2010,5331.383774,0.466168963,3.47,11.79,60.30323871,35.77391434,48.91,7.849160194,7.84065444
Ecuador,2011,5657.213016,0.430339646,3.38,13.15,64.49023889,35.1638298,45.56,7.907040119,9.37875763
Ecuador,2012,5881.381167,0.407230452,3.17,13.2,61.75111241,34.22118378,46.55,8.097470284,10.40554481
Ecuador,2013,6078.439563,0.41540845,3.21,11.85,59.60615606,36.1248703,46.83,8.288680077,10.97320211
Ecuador,2014,6215.838092,0.421415746,3.38,12.18,57.70816899,37.84761429,44.79,8.361359596,10.83335326
Ecuador,2015,6130.586676,0.416861126,3.26,13.07,45.24387715,40.01261902,46.02,8.701580048,9.309392423
Ecuador,2016,5965.643273,0.405736766,3.16,14.75,38.52134034,43.83501816,44.8,8.692919731,10.09437577
Ecuador,2017,6012.803317,0.38397461,3.18,17.05,42.42172139,45.97587967,44.2,8.765919685,9.263852995
Ecuador,2018,5976.245345,0.396039602,3.1,16.33,46.36213095,48.18969727,45.37,8.782986323,6.455440751
Ecuador,2019,5863.910566,0.389681081,3.27,17.73,46.07682119,50.30534363,45.37,8.800052961,6.505470478
Ecuador,2020,5331.976611,0.367138773,3.12,20.1,41.37523008,53.55555344,46.35,8.817119598,4.751538811
El Salvador,2000,2957.371867,0.319587829,3.45,33.51,68.7100889,36.26635361,50.41,4.973632744,10.81947726
El Salvador,2001,2968.631542,0.33013345,3.63,33.11,65.89073854,43.68635941,51.07,5.099205596,13.08301722
El Salvador,2002,3003.698336,0.328715184,3.68,34.02,65.91909078,49.27246857,50.52,5.224778448,10.27591304
El Salvador,2003,3042.83465,0.354997804,3.88,33.85,68.23698248,51.27272034,49.73,5.3503513,9.137391984
El Salvador,2004,3065.418788,0.360872797,3.88,33.33,69.78226418,52.51970673,48.06,5.475924151,9.199604278
El Salvador,2005,3147.225224,0.359760389,3.88,34.08,69.71581168,52.08995438,50.25,5.601497003,10.68815202
El Salvador,2006,3285.917608,0.364875901,3.96,34.76,73.45556751,52.02519608,47.28,5.727069855,10.89082162
El Salvador,2007,3341.616988,0.377726171,3.94,28.24,77.62105603,54.89479446,46.65,5.526669979,6.328037246
El Salvador,2008,3399.331872,0.334980289,3.91,31.5,80.66597394,49.50974655,47.02,6.029550076,4.088680119
El Salvador,2009,3315.801586,0.330580954,3.93,32.2,66.07119117,52.40154648,47.39,6.130139828,4.14120337
El Salvador,2010,3373.043811,0.317084336,3.91,32.62,73.53728767,50.38792419,45.22,6.339930058,5.253993637
El Salvador,2011,3488.150015,0.3166434,3.75,29.52,79.2766437,49.34578705,44.42,6.209420204,4.822897267
El Salvador,2012,3572.67142,0.307628551,3.71,30.27,77.64857162,53.64447784,43.63,6.366330147,3.60143899
El Salvador,2013,3638.162797,0.286868695,3.43,27.54,80.45119449,53.94664001,44.95,6.434329987,0.674359419
El Salvador,2014,3686.095562,0.28800852,3.33,23.95,78.10442575,55.15419006,43.14,6.528739929,2.007698815
El Salvador,2015,3761.51368,0.29855484,3.39,21.03,76.56027074,54.85302734,42.49,6.623149872,2.532172037
El Salvador,2016,3845.022493,0.296467182,3.38,20.71,72.81909337,55.86102295,41.85,6.717559814,3.439519172
El Salvador,2017,3921.315863,0.258200595,3.25,24.99,74.30465119,56.92250443,39.87,6.825099945,4.24709008
El Salvador,2018,4009.716557,0.271986177,3.27,23.21,75.63361689,54.97888947,40.53,6.968569994,3.760599959
El Salvador,2019,4105.646168,0.306879962,3.38,19.38,76.0420131,55.10309219,40.58,7.112040043,4.633454969
El Salvador,2020,3774.666183,0.268442345,3.38,23.7,66.06208243,61.21570969,42.12,7.150929928,6.016381917
Guatemala,2000,3195.388078,0.254991496,4,62.66,49.1455879,38.44824219,53.87,3.915065683,2.197467623
Guatemala,2001,3192.302352,0.259646878,4.02,61.26,70.66903318,42.1281929,55,3.881567794,-0.37333489
Guatemala,2002,3239.560829,0.266673453,4.43,63.76,67.10481152,35.44629669,56.13,3.848069906,3.35599696
Guatemala,2003,3250.834756,0.261856983,4.41,64.29,67.00233919,35.29574966,53.76,3.799302459,3.566848398
Guatemala,2004,3282.31464,0.258978206,4.41,66.1,70.21487236,37.98267746,50.26,3.750535011,4.678026784
Guatemala,2005,3320.157565,0.268841606,4.36,65.24,67.10369961,39.11423492,52.25,3.701767564,2.521013716
Guatemala,2006,3427.67155,0.255020013,4.17,64.73,67.91192374,43.09466934,54.24,3.653000116,2.789323167
Guatemala,2007,3573.592633,0.258343987,4.2,63.28,69.00136431,44.36928177,53.69,3.844273448,2.648272211
Guatemala,2008,3620.82337,0.22658994,3.96,66.51,65.17873052,39.57984924,53.13,4.03554678,-0.514954601
Guatemala,2009,3570.295842,0.237760183,4.22,65.27,58.04068697,39.8070755,52.57,4.226820111,0.485532508
Guatemala,2010,3606.423482,0.223184675,4.14,67.08,63.12519257,40.25619888,52.01,4.418093443,-0.820503373
Guatemala,2011,3688.858936,0.219812938,4.06,67.09,65.04705104,40.69186783,51.45,4.609366775,-1.316804492
Guatemala,2012,3731.668472,0.220874027,4.13,67.36,61.95941934,39.72967911,50.27,4.800640106,-0.274408779
Guatemala,2013,3802.146352,0.228084491,4.09,67.19,56.68522075,41.05353165,49.09,4.896299839,-0.303069644
Guatemala,2014,3903.051966,0.234318454,4.09,66.25,55.08327928,39.94345856,47.91,5.83698988,0.108815134
Guatemala,2015,3994.629085,0.264623595,4.16,63.29,49.89345332,39.72689819,47.91,5.805851936,2.836589352
Guatemala,2016,4034.150577,0.273321047,4.37,63.24,46.37273752,40.02912521,47.91,5.774713993,2.976347911
Guatemala,2017,4091.259983,0.251149349,4.24,64.99,46.0694204,39.54801178,47.91,5.74357605,2.72258636
Guatemala,2018,4163.476302,0.265584236,4.25,64.02,47.01168207,40.12297058,47.91,5.712438107,3.179039299
Guatemala,2019,4263.708444,0.268633006,4.24,62.82,45.51674275,39.35383606,47.91,5.681300163,5.619439682
Guatemala,2020,4124.143539,0.242573355,4.23,65.46,41.143028,39.76944733,47.91,5.681300163,7.57899946
Haiti,2000,1333.727172,0.132131457,5.13,80.85,27.15352207,19.03926468,59.21,3.75,4.42757144
Haiti,2001,1305.497775,0.144032933,5.06,80.88,27.56993299,20.79957581,59.21,3.858,3.091640068
Haiti,2002,1296.410671,0.162722674,5.19,79.08,24.93967844,20.17232895,59.34,3.966,3.263426474
Haiti,2003,1318.594144,0.15579476,5.04,79.02,37.19734346,24.60257912,59.47,4.074,7.491323915
Haiti,2004,1279.546588,0.145360769,5.21,81.11,33.78097032,23.98286438,59.6,4.182,5.27231951
Haiti,2005,1297.085988,0.144243325,5.22,81.11,34.96510447,21.85569763,59.74,4.29,7.174636045
Haiti,2006,1298.034876,0.142900316,5.28,81.37,37.05707041,25.74903107,59.87,4.38,6.526525532
Haiti,2007,1336.832329,0.162409837,5.16,79.26,34.28254898,26.32405281,60,4.47,6.374412247
Haiti,2008,1350.23348,0.156959424,5.09,79.64,36.14503815,28.14211273,60.13,4.56,5.493732709
Haiti,2009,1406.935035,0.145459852,5.01,80.33,33.09649982,27.71400642,60.26,4.65,6.160835396
Haiti,2010,1312.284856,0.190312321,5.53,78.99,44.72152413,29.34410667,60.4,4.74,18.49659995
Haiti,2011,1363.748835,0.198711157,5.51,79.01,44.16357039,28.14560127,60.53,4.842,12.12037111
Haiti,2012,1349.68925,0.17703376,5.66,82.19,40.2582415,29.77848244,60.66,4.944,7.763148698
Haiti,2013,1387.111167,0.186241782,5.59,80.39,40.33250975,31.28417778,60.66,5.046,7.39726769
Haiti,2014,1406.412235,0.206297132,5.38,77.77,42.35152591,30.23674583,60.66,5.148,5.381730692
Haiti,2015,1405.714786,0.220910563,5.31,76.12,41.94573811,30.72930908,60.66,5.25,6.610258528
Haiti,2016,1411.14311,0.222540528,5.4,76.13,41.41090221,32.13778305,60.66,5.326,5.608212529
Haiti,2017,1426.633692,0.214619717,5.37,76.17,42.07454778,32.69239807,60.66,5.402,8.245735648
Haiti,2018,1430.818777,0.208782522,5.47,76.25,45.13857631,22.95584297,60.66,5.478,7.794713404
Haiti,2019,1387.514913,0.214225461,5.48,76.37,44.56871877,25.02662849,60.66,5.554,11.30518063
Haiti,2020,1324.283286,0.214315945,5.31,76.31,34.45720191,25.42315292,60.66,5.554,11.30518063
Honduras,2000,1768.253905,0.423693248,4.65,55.24,120.3921646,55.47166443,52.45,4.601449147,15.76060154
Honduras,2001,1768.289976,0.479691174,4.88,50.4,115.9430717,52.79401779,53.13,4.668478131,14.37693879
Honduras,2002,1787.098935,0.485266554,4.93,49.76,117.9974545,51.69897842,54.11,4.735507114,14.50003672
Honduras,2003,1821.150379,0.512835437,5.12,47.94,122.2482772,54.60089874,55.1,4.802536098,15.04656609
Honduras,2004,1887.085324,0.542434182,5.23,46.7,135.4617587,58.94707108,56.08,4.869565082,16.42740113
Honduras,2005,1953.326123,0.471949532,4.89,51.37,136.489768,59.99827576,56.34,4.936594065,20.40445854
Honduras,2006,2033.071108,0.506428638,5,52.22,133.1318351,60.38085175,54.71,4.945652036,21.26190124
Honduras,2007,2110.047332,0.510502073,5.04,50.57,135.0706349,56.03275299,53.08,4.954710007,20.24708482
Honduras,2008,2151.201561,0.492702914,4.91,49.97,135.7489552,53.27360535,51.45,5.111529946,18.1923437
Honduras,2009,2054.384112,0.474743606,4.97,50.45,96.90500602,51.14701843,49.82,5.268349886,15.42997149
Honduras,2010,2087.252271,0.449384718,4.86,53.63,109.4418382,52.2109108,51.53,5.425169826,13.381042
Honduras,2011,2124.187516,0.517061338,5.17,50.92,122.2169026,52.65069199,54.49,5.581989765,17.38873377
Honduras,2012,2169.15629,0.52356284,5.1,49.39,121.1882158,56.67093658,54.49,5.518219948,14.97204203
Honduras,2013,2187.833433,0.494021121,4.99,51.1,116.3060492,59.95173645,51.01,5.847009897,11.57598108
Honduras,2014,2213.440507,0.489216361,4.94,52.16,112.9750973,61.08505249,47.8,6.175799847,13.82706795
Honduras,2015,2257.225284,0.502302414,5.17,50.74,107.2644054,59.16712952,46.59,6.294149876,19.35018181
Honduras,2016,2303.878504,0.476897029,5,52.66,99.81571695,59.64157104,47.6,6.528709888,19.80900091
Honduras,2017,2373.79156,0.410333988,4.1,45.6,101.8131111,60.06301117,47.61,6.408294916,23.02379531
Honduras,2018,2423.27606,0.380573264,4.2,48.83,103.5511622,62.45162582,47.63,6.287879944,19.68823946
Honduras,2019,2446.108097,0.418565032,4.35,46.16,98.02758971,62.54497147,48.85,7.088479996,21.03101394
Honduras,2020,2190.974369,0.398412316,4.4,50.09,85.61941811,64.50788116,48.85,7.088479996,23.16082646
Mexico,2000,8954.823208,0.432632322,3.6,12.17,52.43268175,40.92905045,53.32,6.663980007,8.978067944
Mexico,2001,8782.145867,0.433993254,3.72,11.34,47.16607302,41.21097565,52.17,6.819949985,8.793408088
Mexico,2002,8646.180868,0.442388148,3.76,10.68,46.69791471,39.01953506,51.03,6.975919962,7.476417961
Mexico,2003,8641.739759,0.457192683,3.97,10.17,50.20568946,41.6728363,50.81,7.131889939,5.289761446
Mexico,2004,8849.529249,0.450173741,3.89,10.21,53.48614524,42.27034378,50.59,7.287859917,7.438243596
Mexico,2005,8925.255441,0.459236244,4.01,10.31,53.93813211,45.17944336,50.92,7.48514986,5.792082114
Mexico,2006,9200.421932,0.455868593,3.9,9.82,56.09272463,46.44247818,49.45,7.871600151,7.706878957
Mexico,2007,9288.182014,0.454422762,3.8,9.46,56.79527936,47.90967178,50.25,7.882470131,7.864711784
Mexico,2008,9276.074347,0.451670304,3.78,9.77,57.77703093,44.86751556,51.05,7.948890209,6.692779038
Mexico,2009,8677.776544,0.46527978,3.9,9.17,55.96776976,49.3180275,50,8.136670113,6.73751113
Mexico,2010,9001.705095,0.456936866,3.68,9.36,60.76031847,50.49048233,48.94,8.005069733,7.624568822
Mexico,2011,9199.16538,0.455583698,3.72,9.07,63.46967792,49.70526123,49.63,8.247494698,6.442089611
Mexico,2012,9401.997684,0.446970281,3.68,8.97,65.76724582,54.1326561,50.33,8.489919662,5.914605638
Mexico,2013,9404.61606,0.431283446,3.64,9.23,63.76487661,57.00913239,50.31,8.357230186,3.175189954
Mexico,2014,9553.286174,0.407436266,3.47,9.76,64.9253579,55.90005875,50.3,8.403470039,5.880705532
Mexico,2015,9753.400562,0.402461511,3.3,9.19,71.08909011,57.26823807,49.71,8.601650238,7.4285713
Mexico,2016,9897.170878,0.39610542,3.21,9.22,76.06220914,59.26925659,49.12,8.599900246,6.972745124
Mexico,2017,9997.707942,0.386364498,3.07,9.99,77.1157445,59.17394257,47.78,8.742489815,6.980319213
Mexico,2018,10120.38483,0.354481511,3.06,10.16,80.55938423,58.72845078,46.44,8.933190346,6.886388214
Mexico,2019,10013.72425,0.360721451,3.04,10.27,77.89734695,59.93615341,45.83,9.077120304,7.324844764
Mexico,2020,9147.072744,0.332430545,3.21,12.33,76.93861367,63.25827408,45.23,9.221050262,5.30853958
Nicaragua,2000,1429.728513,0.514415612,5.23,58.42,61.29849746,60.688797,56.41,5.08,2.241581486
Nicaragua,2001,1452.346558,0.520506475,5.13,56.66,57.98013155,56.40593719,56.24,5.156,0.924143168
Nicaragua,2002,1444.864804,0.534693931,5.09,54.67,58.09128441,56.84790421,55.27,5.232,-0.65460323
Nicaragua,2003,1463.460672,0.585705543,5.15,51.49,62.17506589,57.11406326,54.31,5.308,0.410111665
Nicaragua,2004,1523.129448,0.552407,5.16,51.17,67.19531678,55.73064804,53.35,5.384,4.055325398
Nicaragua,2005,1568.422404,0.507139533,5.03,52.76,71.64572371,55.79922867,52.38,5.46,6.18207866
Nicaragua,2006,1611.367068,0.510361008,5,53.29,87.30961477,55.3351059,50.83,5.568,7.209242274
Nicaragua,2007,1669.727352,0.501585101,4.84,52.61,93.02519168,52.57282639,49.28,5.676,7.444382656
Nicaragua,2008,1702.724754,0.464961995,4.69,53.77,96.79408513,52.25118637,47.72,5.784,9.63214476
Nicaragua,2009,1622.990445,0.469212528,4.82,54.56,86.99286696,55.11392975,46.17,5.892,7.99814659
Nicaragua,2010,1669.946767,0.461530718,4.73,54.44,100.3629987,56.04588699,46.77,6,8.20601342
Nicaragua,2011,1749.506512,0.458441194,4.53,53.3,111.8271573,55.91498947,47.38,6.136,10.67355431
Nicaragua,2012,1835.949837,0.4232339,4.61,53.27,115.1778478,59.61748505,47.98,6.272,11.32333611
Nicaragua,2013,1898.457516,0.385052361,4.53,54.28,110.9844621,62.51445007,48.58,6.408,10.31989241
Nicaragua,2014,1960.702661,0.390902516,4.46,53.02,106.6977299,59.37013626,49.19,6.544,13.70916514
Nicaragua,2015,2025.327261,0.414424638,4.5,50,98.19417442,58.85705185,49.19,6.68,16.81303171
Nicaragua,2016,2087.68769,0.405638401,4.46,49.54,93.81370641,61.59799194,49.19,6.796,15.84104083
Nicaragua,2017,2153.603804,0.388987256,4.36,48.91,96.3802172,62.55781174,49.19,6.912,16.05667568
Nicaragua,2018,2052.135902,0.37256299,4.46,51.44,93.98475385,65.44661713,49.19,7.028,15.56465575
Nicaragua,2019,1965.277906,0.391853904,4.69,50.72,94.04228105,64.37957764,49.19,7.144,17.16764194
Nicaragua,2020,1904.284366,0.35617165,4.62,52.13,88.9302817,68.93805695,49.19,7.144,19.70616358
Panama,2000,7021.54645,0.25064059,2.27,27.67,133.9889395,82.22685242,56.29,7.878389835,18.19144564
Panama,2001,6925.078646,0.293261123,2.58,24.04,130.098368,82.74806976,57.31,8.018189859,15.25906303
Panama,2002,6943.426055,0.249649714,2.29,28.71,121.851866,79.8984375,57.07,8.157989883,13.24454177
Panama,2003,7097.577556,0.244680324,2.2,27.45,114.6933669,80.0200119,56.81,8.297789907,13.07280013
Panama,2004,7486.276744,0.231030692,2.03,28.21,123.6525612,80.19747925,56.15,8.437589931,10.42300586
Panama,2005,7872.785493,0.273430165,2.14,22.77,135.6943166,80.61438751,54.71,8.577389956,13.04591248
Panama,2006,8394.7458,0.264877884,2.1,22.09,137.895702,83.2635498,55.98,8.71718998,15.31841966
Panama,2007,9228.072583,0.236342462,1.87,22.79,149.5704528,81.83540344,51.81,8.856990004,22.55118776
Panama,2008,9952.916832,0.209769457,1.63,23.36,166.6981464,80.9642868,51.59,8.996790028,25.3358186
Panama,2009,9895.254792,0.246971901,1.77,20.37,138.9803682,80.18674469,51.37,9.136590052,24.77158975
Panama,2010,10286.20312,0.246573546,1.85,20.65,148.2750461,80.55742645,51.15,9.276390076,19.9987861
Panama,2011,11248.00342,0.240878466,1.85,19.73,162.4875614,79.63122559,50.9,9.416856766,24.98915035
Panama,2012,12130.22864,0.229686327,1.74,21.25,158.0588033,78.92243195,50.64,9.557323456,27.75688189
Panama,2013,12741.38045,0.210554532,1.58,20.71,137.6340738,79.20016479,50.38,9.697790146,28.62965873
Panama,2014,13155.45367,0.210288208,1.58,19.78,119.0906104,80.80814362,50.06,9.838256836,26.05686648
Panama,2015,13669.55944,0.196146181,1.51,21.9,99.93640441,80.03263092,50.03,9.978723526,29.43631971
Panama,2016,14099.93632,0.187637786,1.49,22.1,87.40841028,80.58958435,49.5,10.11919022,27.24086512
Panama,2017,14634.8425,0.169094336,1.42,23.6,87.42791229,79.97016144,50.6,10.25965691,28.78532106
Panama,2018,14922.13,0.159583035,1.38,24.44,87.42791229,79.89885712,50.37,10.4001236,25.52154536
Panama,2019,15166.88091,0.204066377,1.54,18.91,87.42791229,80.4548111,50.76,10.54059029,23.33831598
Panama,2020,12307.25921,0.181311126,1.52,28.43,87.42791229,80.28760529,50.76,10.54059029,19.00336241
Paraguay,2000,4056.230347,0.169572913,3.56,70.41,78.64472976,67.8686676,56.91,6.689816388,5.514766334
Paraguay,2001,3954.693108,0.175390202,3.65,69.84,72.60569901,66.53056335,57.34,6.790860913,8.83254289
Paraguay,2002,3897.774907,0.183221736,3.62,67.68,79.44156565,64.29693604,60.12,6.891905438,20.88758487
Paraguay,2003,4015.492411,0.183178685,3.55,67.05,81.12736377,68.04089355,57.07,6.992949963,15.8295849
Paraguay,2004,4129.762449,0.177650065,3.44,66.75,80.10444662,65.61647797,54.45,7.170140028,14.5104105
Paraguay,2005,4171.236508,0.161892877,3.33,68.81,85.02196365,65.01901245,53.39,7.347330093,14.25590512
Paraguay,2006,4326.099794,0.165163434,3.27,66.46,84.7335313,64.02526855,54.92,7.069910049,16.6647934
Paraguay,2007,4515.390156,0.147395069,3.16,68.44,79.00113742,55.95858002,54.66,7.153329849,18.72469788
Paraguay,2008,4761.869723,0.160824602,3.18,65.81,80.77757466,50.77774048,52.35,7.389259815,16.41528923
Paraguay,2009,4701.606997,0.170372436,3.25,65.36,70.84198186,53.49965286,51.04,6.974229813,14.04968272
Paraguay,2010,5163.465347,0.169317611,3.12,63.61,81.25752337,51.3506012,53.5,7.241386573,16.66535546
Paraguay,2011,5315.382875,0.167982426,3.04,62.46,78.49212385,45.76341629,54.36,7.508543332,19.21955382
Paraguay,2012,5207.016511,0.167863944,3.07,63.43,74.76495746,48.81002808,49.64,7.775700092,13.57472166
Paraguay,2013,5561.536931,0.158715448,2.86,62.55,73.36987138,44.6825943,50.48,8.290029526,18.52405216
Paraguay,2014,5774.571488,0.160016815,2.84,62.54,69.08372496,43.67708206,53.04,8.247850418,17.49605032
Paraguay,2015,5861.389724,0.175842547,3.01,60.51,66.91506553,46.65918732,50.12,8.524069786,17.66546782
Paraguay,2016,6025.084258,0.190497715,3.4,62.49,67.75931523,47.16918564,50.85,8.351449966,19.63011738
Paraguay,2017,6226.67249,0.200159102,3.42,60.12,71.0801344,46.34766006,51.11,8.468514919,20.45524433
Paraguay,2018,6338.500516,0.20469852,3.4,59.24,72.06922363,46.93962479,48.15,8.585579872,18.33475402
Paraguay,2019,6229.21196,0.199169475,3.39,60.09,71.22216173,47.10049057,48.06,8.810709953,16.78920005
Paraguay,2020,6095.378718,0.18778016,3.32,61.44,62.76021747,52.18680954,48.66,8.861840248,17.68237938
Peru,2000,3279.355181,0.327587296,3.32,38.57,35.53803216,52.59179306,53.95,8.363630208,8.368872498
Peru,2001,3255.590031,0.301732352,3.19,41.23,35.06440143,50.57164383,57.13,8.422110254,8.505775063
Peru,2002,3392.994493,0.299000004,3.03,40.21,35.24918133,48.6077919,59.41,8.4805903,9.231518767
Peru,2003,3497.357649,0.281110285,2.86,40.91,37.62461033,50.89318466,59.5,8.539070346,9.398366029
Peru,2004,3635.157463,0.308061956,2.96,37.83,41.93607827,54.23947906,56.07,8.597550392,8.994148925
Peru,2005,3828.852439,0.290352576,2.95,38.35,47.35731748,57.44728088,55.09,7.924409866,11.34368306
Peru,2006,4083.204901,0.266156091,2.65,38.7,51.78505603,60.76373672,54.1,7.928460121,12.01060957
Peru,2007,4397.050814,0.268838352,2.6,36.05,55.68811328,62.38409424,53.12,8.18680954,13.38593934
Peru,2008,4764.07014,0.279030041,2.62,33.71,58.43376739,59.89851379,51.94,8.187299728,13.16773643
Peru,2009,4782.549445,0.296749564,2.62,32.92,48.11192962,60.42040634,50.76,8.217120171,12.38015494
Peru,2010,5142.013976,0.299393473,2.51,32.17,51.67280894,60.86874771,49.58,8.865139961,13.72763237
Peru,2011,5421.333837,0.303033818,2.72,30.63,55.98828028,59.71127701,48.91,8.887160301,14.20764587
Peru,2012,5701.603888,0.283695875,2.75,30.8,52.61989526,59.08134079,48.25,9.082159996,13.36482802
Peru,2013,5977.182234,0.277096133,2.5,28.35,49.78714245,57.75819397,47.58,9.136059761,13.70106708
Peru,2014,6056.033297,0.289231245,2.57,28.56,46.85312109,56.13018417,47.33,9.151889801,13.02183172
Peru,2015,6180.118799,0.287421753,2.57,27.43,45.16276869,56.05458832,47.09,9.094240189,12.21721831
Peru,2016,6337.580012,0.288182631,2.57,27.2,45.3888412,57.6698494,46.84,9.314760208,10.66814035
Peru,2017,6400.037747,0.268317638,2.54,27.59,47.51355036,58.26136398,46.47,9.535280228,10.05888783
Peru,2018,6530.422502,0.259574458,2.56,27.89,48.63147017,57.8990097,45.48,9.755800247,9.438288745
Peru,2019,6550.447518,0.264965374,2.59,27.14,46.94350538,56.7842598,44.5,9.885518863,10.45048113
Peru,2020,5754.310172,0.243046686,2.46,31.62,43.83468288,57.5198288,47.98,9.885518863,9.843807475
Uruguay,2000,11008.63829,0.150608796,2.7,38.73,36.71373815,53.78502655,43.61,8.313797133,1.918325535
Uruguay,2001,10557.50467,0.141932441,2.47,41.63,36.30951264,59.74266434,45.92,8.525691441,2.144891709
Uruguay,2002,9724.988048,0.140898337,2.48,43.25,40.02906731,53.14985275,46.89,8.737585749,5.147745869
Uruguay,2003,9792.163453,0.138399907,2.48,43.83,51.75919958,62.29758453,46.83,8.949480057,4.74539441
Uruguay,2004,10271.01191,0.16041502,2.69,39.31,61.47668809,65.04589844,47.2,8.631463369,7.274177965
Uruguay,2005,11024.38817,0.148072903,2.6,41.32,58.87769633,64.72486877,45.91,8.313446681,9.048164278
Uruguay,2006,11460.28265,0.166309073,2.7,37.6,61.97157452,65.41992188,46.49,7.995429993,8.097905404
Uruguay,2007,12186.59589,0.144329123,2.53,43.2,59.21044784,68.04128265,46.91,8.183539867,9.197545519
Uruguay,2008,13031.85859,0.178261888,3.05,44.09,65.20809501,64.15219879,45.84,8.371649742,8.445605531
Uruguay,2009,13552.24473,0.169147423,2.89,44.64,53.39441927,65.01851654,45.55,8.372019768,9.562377277
Uruguay,2010,14572.76341,0.128615139,2.63,53.29,51.6990372,61.08230209,44.56,8.327150345,9.361861331
Uruguay,2011,15284.06347,0.148033826,2.71,49.67,53.24703401,57.31496429,42.15,8.404020309,9.244113671
Uruguay,2012,15780.26463,0.160115056,2.79,47.85,55.06115416,67.98403168,39.9,8.478859901,2.903990468
Uruguay,2013,16463.01571,0.132177791,2.62,51.87,49.71784647,65.11366272,40.86,8.523880005,4.501718711
Uruguay,2014,16943.69127,0.113114814,2.58,56.7,49.08762406,65.75926971,40.34,8.613840103,2.846772655
Uruguay,2015,16950.75338,0.115415431,2.75,59.4,45.32824081,65.28556061,40.63,8.669449806,4.711187262
Uruguay,2016,17181.90697,0.111245399,2.82,60.32,48.47053395,64.27494812,40.17,8.70388031,7.491457249
Uruguay,2017,17437.85513,0.10228262,2.71,60.82,46.37795599,65.87273407,39.99,8.831359863,5.173303287
Uruguay,2018,17440.38215,0.109516782,2.79,60.83,47.91671099,65.69129181,40.23,8.906729698,3.119877761
Uruguay,2019,17563.20815,0.113042079,2.75,59.34,49.55730525,68.02626801,40.19,8.982549667,5.034762161
Uruguay,2020,16459.97818,0.115414433,2.91,61.09,46.0172767,70.55150604,40.8,8.982549667,5.214277519
Venezuela,2000,10307.42017,0.522333439,6.66,15.29,47.85722155,57.31921387,38.96,6.696848691,12.49439461
Venezuela,2001,10463.4447,0.521641874,6,14.03,42.14126802,56.23599243,41.61,6.832680553,7.999321588
Venezuela,2002,9367.202654,0.593171074,8.11,12.84,48.57571065,62.66906357,41.52,6.968512416,5.898584285
Venezuela,2003,8489.664385,0.620292947,8.22,13.41,50.57700738,68.52500916,39.77,7.104344279,2.875592313
Venezuela,2004,9871.61765,0.539225632,6.7,14.64,55.3674556,65.15940094,39.82,7.240176141,12.00546652
Venezuela,2005,10709.89843,0.515980712,6.35,14.23,60.12732976,63.16838074,43.02,7.376008004,18.07963123
Venezuela,2006,11579.08532,0.470120978,5.89,15.6,58.66559156,65.28094482,40.1,7.511839867,20.47803934
Venezuela,2007,12399.01438,0.417214312,5.54,16.64,56.19909548,61.65652466,38.9,7.989500046,19.57690411
Venezuela,2008,12862.41226,0.42057774,5.21,16.35,51.82901238,47.11384201,37.78,8.13836956,22.09601527
Venezuela,2009,12277.35625,0.438729085,5.19,16.21,38.52092966,42.04502869,37.85,8.253210068,8.874739692
Venezuela,2010,11931.60427,0.47896615,6.28,13.79,46.13689352,38.94422531,36.42,8.687755108,14.95667003
Venezuela,2011,12266.93211,0.448389913,5.38,14.76,49.6381216,50.55288315,36.79,9.122300148,11.41268328
Venezuela,2012,12792.5507,0.4804453,5.21,13.71,50.40356738,47.47067642,38.15,9.251977682,5.280491446
Venezuela,2013,12804.69492,0.472227948,5.69,15.29,54.27776127,46.87755203,38.61,9.381655216,-2.979060962
Venezuela,2014,12161.17001,0.488135224,5.14,12.01,48.09081353,38.54343796,37.45,9.51133275,-14.27806473
Venezuela,2015,11278.89278,0.473735958,5,15.33,48.09081353,38.75370026,37.45,9.641010284,-14.27806473
Venezuela,2016,9292.431652,0.526728084,4.63,14.51,48.09081353,38.91574478,37.45,10.31229973,-14.27806473
Venezuela,2017,7881.834874,0.580281281,4.24,14.31,48.09081353,38.99627686,37.45,10.57076027,-14.27806473
Venezuela,2018,6492.071041,0.67219866,3.07,14.57,48.09081353,38.95967484,37.45,10.8356987,-14.27806473
Venezuela,2019,4831.184345,0.768051642,2.51,15.77,48.09081353,38.89471436,37.45,11.10727736,-14.27806473
Venezuela,2020,3439.31757,0.739980512,2.01,23.33,48.09081353,38.80296707,37.45,11.10727736,-14.27806473
